class,image
0,image/jiehe250.jpg
0,image/jiehe244.jpg
1,image/zhongliu52.jpg
1,image/zhongliu46.jpg
1,image/zhongliu91.jpg
1,image/zhongliu85.jpg
0,image/jiehe126.jpg
0,image/jiehe132.jpg
1,image/zhongliu3.jpg
0,image/jiehe10.jpg
0,image/jiehe38.jpg
0,image/jiehe39.jpg
0,image/jiehe11.jpg
1,image/zhongliu2.jpg
0,image/jiehe133.jpg
0,image/jiehe127.jpg
1,image/zhongliu84.jpg
1,image/zhongliu90.jpg
1,image/zhongliu47.jpg
1,image/zhongliu53.jpg
0,image/jiehe245.jpg
0,image/jiehe251.jpg
0,image/jiehe247.jpg
1,image/zhongliu79.jpg
0,image/jiehe253.jpg
1,image/zhongliu45.jpg
1,image/zhongliu51.jpg
1,image/zhongliu86.jpg
1,image/zhongliu92.jpg
0,image/jiehe131.jpg
0,image/jiehe125.jpg
0,image/jiehe119.jpg
1,image/zhongliu0.jpg
0,image/jiehe13.jpg
0,image/jiehe12.jpg
1,image/zhongliu1.jpg
0,image/jiehe118.jpg
0,image/jiehe124.jpg
0,image/jiehe130.jpg
1,image/zhongliu93.jpg
1,image/zhongliu87.jpg
1,image/zhongliu50.jpg
1,image/zhongliu44.jpg
0,image/jiehe252.jpg
1,image/zhongliu78.jpg
0,image/jiehe246.jpg
1,image/zhongliu40.jpg
1,image/zhongliu54.jpg
0,image/jiehe242.jpg
1,image/zhongliu68.jpg
0,image/jiehe256.jpg
1,image/zhongliu83.jpg
1,image/zhongliu97.jpg
0,image/jiehe108.jpg
0,image/jiehe134.jpg
0,image/jiehe120.jpg
1,image/zhongliu5.jpg
0,image/jiehe16.jpg
0,image/jiehe17.jpg
1,image/zhongliu4.jpg
0,image/jiehe121.jpg
0,image/jiehe135.jpg
0,image/jiehe109.jpg
1,image/zhongliu96.jpg
1,image/zhongliu82.jpg
0,image/jiehe257.jpg
1,image/zhongliu69.jpg
0,image/jiehe243.jpg
1,image/zhongliu55.jpg
1,image/zhongliu41.jpg
1,image/zhongliu57.jpg
1,image/zhongliu43.jpg
0,image/jiehe255.jpg
0,image/jiehe241.jpg
1,image/zhongliu94.jpg
1,image/zhongliu80.jpg
0,image/jiehe123.jpg
0,image/jiehe137.jpg
1,image/zhongliu6.jpg
0,image/jiehe29.jpg
0,image/jiehe15.jpg
0,image/jiehe14.jpg
0,image/jiehe28.jpg
1,image/zhongliu7.jpg
0,image/jiehe136.jpg
0,image/jiehe122.jpg
1,image/zhongliu81.jpg
1,image/zhongliu95.jpg
0,image/jiehe240.jpg
0,image/jiehe254.jpg
1,image/zhongliu42.jpg
1,image/zhongliu56.jpg
0,image/jiehe233.jpg
1,image/zhongliu19.jpg
0,image/jiehe227.jpg
1,image/zhongliu31.jpg
1,image/zhongliu25.jpg
1,image/zhongliu118.jpg
0,image/jiehe1.jpg
0,image/jiehe145.jpg
0,image/jiehe151.jpg
0,image/jiehe179.jpg
0,image/jiehe186.jpg
0,image/jiehe192.jpg
0,image/jiehe98.jpg
0,image/jiehe73.jpg
0,image/jiehe67.jpg
0,image/jiehe66.jpg
0,image/jiehe72.jpg
0,image/jiehe99.jpg
0,image/jiehe193.jpg
0,image/jiehe187.jpg
0,image/jiehe178.jpg
0,image/jiehe150.jpg
0,image/jiehe144.jpg
0,image/jiehe0.jpg
1,image/zhongliu119.jpg
1,image/zhongliu24.jpg
1,image/zhongliu30.jpg
0,image/jiehe226.jpg
1,image/zhongliu18.jpg
0,image/jiehe232.jpg
0,image/jiehe224.jpg
0,image/jiehe230.jpg
0,image/jiehe218.jpg
1,image/zhongliu26.jpg
1,image/zhongliu32.jpg
0,image/jiehe2.jpg
0,image/jiehe152.jpg
0,image/jiehe146.jpg
0,image/jiehe191.jpg
0,image/jiehe185.jpg
0,image/jiehe64.jpg
0,image/jiehe70.jpg
0,image/jiehe58.jpg
0,image/jiehe59.jpg
0,image/jiehe71.jpg
0,image/jiehe65.jpg
0,image/jiehe184.jpg
0,image/jiehe190.jpg
0,image/jiehe147.jpg
0,image/jiehe153.jpg
0,image/jiehe3.jpg
1,image/zhongliu33.jpg
1,image/zhongliu27.jpg
0,image/jiehe219.jpg
0,image/jiehe231.jpg
0,image/jiehe225.jpg
1,image/zhongliu23.jpg
1,image/zhongliu37.jpg
0,image/jiehe209.jpg
0,image/jiehe221.jpg
0,image/jiehe235.jpg
1,image/zhongliu122.jpg
0,image/jiehe7.jpg
0,image/jiehe157.jpg
0,image/jiehe143.jpg
0,image/jiehe194.jpg
0,image/jiehe180.jpg
0,image/jiehe49.jpg
0,image/jiehe61.jpg
0,image/jiehe75.jpg
0,image/jiehe74.jpg
0,image/jiehe60.jpg
0,image/jiehe48.jpg
0,image/jiehe181.jpg
0,image/jiehe195.jpg
0,image/jiehe142.jpg
0,image/jiehe156.jpg
0,image/jiehe6.jpg
1,image/zhongliu123.jpg
0,image/jiehe234.jpg
0,image/jiehe220.jpg
0,image/jiehe208.jpg
1,image/zhongliu36.jpg
1,image/zhongliu22.jpg
1,image/zhongliu34.jpg
1,image/zhongliu20.jpg
0,image/jiehe236.jpg
0,image/jiehe222.jpg
1,image/zhongliu109.jpg
1,image/zhongliu121.jpg
0,image/jiehe4.jpg
0,image/jiehe168.jpg
0,image/jiehe140.jpg
0,image/jiehe154.jpg
0,image/jiehe183.jpg
0,image/jiehe197.jpg
0,image/jiehe89.jpg
0,image/jiehe76.jpg
0,image/jiehe62.jpg
0,image/jiehe63.jpg
0,image/jiehe77.jpg
0,image/jiehe88.jpg
0,image/jiehe196.jpg
0,image/jiehe182.jpg
0,image/jiehe155.jpg
0,image/jiehe141.jpg
0,image/jiehe169.jpg
0,image/jiehe5.jpg
1,image/zhongliu120.jpg
1,image/zhongliu108.jpg
0,image/jiehe223.jpg
0,image/jiehe237.jpg
1,image/zhongliu21.jpg
1,image/zhongliu35.jpg
0,image/jiehe212.jpg
0,image/jiehe206.jpg
1,image/zhongliu38.jpg
1,image/zhongliu10.jpg
1,image/zhongliu111.jpg
1,image/zhongliu105.jpg
0,image/jiehe8.jpg
0,image/jiehe164.jpg
0,image/jiehe170.jpg
0,image/jiehe158.jpg
0,image/jiehe91.jpg
0,image/jiehe85.jpg
0,image/jiehe52.jpg
0,image/jiehe46.jpg
0,image/jiehe47.jpg
0,image/jiehe53.jpg
0,image/jiehe84.jpg
0,image/jiehe90.jpg
0,image/jiehe159.jpg
0,image/jiehe171.jpg
0,image/jiehe165.jpg
0,image/jiehe9.jpg
1,image/zhongliu104.jpg
1,image/zhongliu110.jpg
1,image/zhongliu11.jpg
1,image/zhongliu39.jpg
0,image/jiehe207.jpg
0,image/jiehe213.jpg
0,image/jiehe205.jpg
0,image/jiehe211.jpg
0,image/jiehe239.jpg
1,image/zhongliu13.jpg
1,image/zhongliu106.jpg
1,image/zhongliu112.jpg
0,image/jiehe173.jpg
0,image/jiehe167.jpg
0,image/jiehe198.jpg
0,image/jiehe86.jpg
0,image/jiehe92.jpg
0,image/jiehe45.jpg
0,image/jiehe51.jpg
0,image/jiehe79.jpg
0,image/jiehe78.jpg
0,image/jiehe50.jpg
0,image/jiehe44.jpg
0,image/jiehe93.jpg
0,image/jiehe87.jpg
0,image/jiehe199.jpg
0,image/jiehe166.jpg
0,image/jiehe172.jpg
1,image/zhongliu113.jpg
1,image/zhongliu107.jpg
1,image/zhongliu12.jpg
0,image/jiehe238.jpg
0,image/jiehe210.jpg
0,image/jiehe204.jpg
0,image/jiehe228.jpg
1,image/zhongliu16.jpg
0,image/jiehe200.jpg
0,image/jiehe214.jpg
1,image/zhongliu103.jpg
1,image/zhongliu117.jpg
0,image/jiehe176.jpg
0,image/jiehe162.jpg
0,image/jiehe189.jpg
0,image/jiehe83.jpg
0,image/jiehe97.jpg
0,image/jiehe68.jpg
0,image/jiehe40.jpg
0,image/jiehe54.jpg
0,image/jiehe55.jpg
0,image/jiehe41.jpg
0,image/jiehe69.jpg
0,image/jiehe96.jpg
0,image/jiehe82.jpg
0,image/jiehe188.jpg
0,image/jiehe163.jpg
0,image/jiehe177.jpg
1,image/zhongliu116.jpg
1,image/zhongliu102.jpg
0,image/jiehe215.jpg
0,image/jiehe201.jpg
1,image/zhongliu17.jpg
0,image/jiehe229.jpg
1,image/zhongliu15.jpg
1,image/zhongliu29.jpg
0,image/jiehe217.jpg
0,image/jiehe203.jpg
1,image/zhongliu114.jpg
1,image/zhongliu100.jpg
0,image/jiehe149.jpg
0,image/jiehe161.jpg
0,image/jiehe175.jpg
0,image/jiehe94.jpg
0,image/jiehe80.jpg
0,image/jiehe57.jpg
0,image/jiehe43.jpg
0,image/jiehe42.jpg
0,image/jiehe56.jpg
0,image/jiehe81.jpg
0,image/jiehe95.jpg
0,image/jiehe174.jpg
0,image/jiehe160.jpg
0,image/jiehe148.jpg
1,image/zhongliu101.jpg
1,image/zhongliu115.jpg
0,image/jiehe202.jpg
0,image/jiehe216.jpg
1,image/zhongliu28.jpg
1,image/zhongliu14.jpg
1,image/zhongliu73.jpg
0,image/jiehe259.jpg
1,image/zhongliu67.jpg
1,image/zhongliu98.jpg
0,image/jiehe107.jpg
0,image/jiehe113.jpg
0,image/jiehe31.jpg
0,image/jiehe25.jpg
0,image/jiehe19.jpg
0,image/jiehe18.jpg
0,image/jiehe24.jpg
0,image/jiehe30.jpg
0,image/jiehe112.jpg
0,image/jiehe106.jpg
1,image/zhongliu99.jpg
1,image/zhongliu66.jpg
0,image/jiehe258.jpg
1,image/zhongliu72.jpg
1,image/zhongliu58.jpg
1,image/zhongliu64.jpg
1,image/zhongliu70.jpg
0,image/jiehe110.jpg
0,image/jiehe104.jpg
0,image/jiehe138.jpg
1,image/zhongliu9.jpg
0,image/jiehe26.jpg
0,image/jiehe32.jpg
0,image/jiehe33.jpg
0,image/jiehe27.jpg
1,image/zhongliu8.jpg
0,image/jiehe139.jpg
0,image/jiehe105.jpg
0,image/jiehe111.jpg
1,image/zhongliu71.jpg
1,image/zhongliu65.jpg
1,image/zhongliu59.jpg
1,image/zhongliu61.jpg
1,image/zhongliu75.jpg
0,image/jiehe263.jpg
1,image/zhongliu49.jpg
0,image/jiehe129.jpg
0,image/jiehe115.jpg
0,image/jiehe101.jpg
0,image/jiehe23.jpg
0,image/jiehe37.jpg
0,image/jiehe36.jpg
0,image/jiehe22.jpg
0,image/jiehe100.jpg
0,image/jiehe114.jpg
0,image/jiehe128.jpg
1,image/zhongliu48.jpg
0,image/jiehe262.jpg
1,image/zhongliu74.jpg
1,image/zhongliu60.jpg
1,image/zhongliu76.jpg
0,image/jiehe248.jpg
1,image/zhongliu62.jpg
0,image/jiehe260.jpg
1,image/zhongliu89.jpg
0,image/jiehe102.jpg
0,image/jiehe116.jpg
0,image/jiehe34.jpg
0,image/jiehe20.jpg
0,image/jiehe21.jpg
0,image/jiehe35.jpg
0,image/jiehe117.jpg
0,image/jiehe103.jpg
1,image/zhongliu88.jpg
0,image/jiehe261.jpg
1,image/zhongliu63.jpg
0,image/jiehe249.jpg
1,image/zhongliu77.jpg
